
{
	"sources" : 
	[
		
		{
			"file" : "/Users/shaniherskowitz/CLionProjects/othello/cmake-build-debug/googletest-download/CMakeFiles/googletest-download"
		},
		
		{
			"file" : "/Users/shaniherskowitz/CLionProjects/othello/cmake-build-debug/googletest-download/CMakeFiles/googletest-download.rule"
		},
		
		{
			"file" : "/Users/shaniherskowitz/CLionProjects/othello/cmake-build-debug/googletest-download/CMakeFiles/googletest-download-complete.rule"
		},
		
		{
			"file" : "/Users/shaniherskowitz/CLionProjects/othello/cmake-build-debug/googletest-download/googletest-download-prefix/src/googletest-download-stamp/googletest-download-install.rule"
		},
		
		{
			"file" : "/Users/shaniherskowitz/CLionProjects/othello/cmake-build-debug/googletest-download/googletest-download-prefix/src/googletest-download-stamp/googletest-download-mkdir.rule"
		},
		
		{
			"file" : "/Users/shaniherskowitz/CLionProjects/othello/cmake-build-debug/googletest-download/googletest-download-prefix/src/googletest-download-stamp/googletest-download-download.rule"
		},
		
		{
			"file" : "/Users/shaniherskowitz/CLionProjects/othello/cmake-build-debug/googletest-download/googletest-download-prefix/src/googletest-download-stamp/googletest-download-patch.rule"
		},
		
		{
			"file" : "/Users/shaniherskowitz/CLionProjects/othello/cmake-build-debug/googletest-download/googletest-download-prefix/src/googletest-download-stamp/googletest-download-configure.rule"
		},
		
		{
			"file" : "/Users/shaniherskowitz/CLionProjects/othello/cmake-build-debug/googletest-download/googletest-download-prefix/src/googletest-download-stamp/googletest-download-build.rule"
		},
		
		{
			"file" : "/Users/shaniherskowitz/CLionProjects/othello/cmake-build-debug/googletest-download/googletest-download-prefix/src/googletest-download-stamp/googletest-download-test.rule"
		},
		
		{
			"file" : "/Users/shaniherskowitz/CLionProjects/othello/cmake-build-debug/googletest-download/googletest-download-prefix/src/googletest-download-stamp/googletest-download-skip-update.rule"
		}
	],
	"target" : 
	{
		"labels" : [ "googletest-download" ],
		"name" : "googletest-download"
	}
}
